4550000000099;10
9789752530041;10
9789752530218;10
9789752530225;10
9789752530263;10
9789752530294;10
9789752530430;10
9789752530492;10
9789752530515;10
9789752531147;10
9789752531307;10
9789752531499;10
9789752531598;10
9789752531659;10
9789752531697;10
9789752531772;10
9789752531819;10
9789752531840;10
9789752532090;10
9789752532120;10
9789752532182;10
9789752532199;10
9789752532267;10
9789752532465;10
9789752532472;10
9789752532571;10
9789752532656;10
9789752532694;10
9789752532786;10
9789752532854;10
9789752532861;10
9789752532878;10
9789752532915;10
9789752532991;10
9789752533004;10
9789752533295;10
9789752533301;10
9789752533318;10
9789752533325;10
9789752533554;10
9789752533790;10
9789752533875;10
9789752534131;10
9789752534155;10
9789752534162;10
9789752534179;10
9789752534186;10
9789752971707;10
9789753162678;10
9789753169318;10
9789758770038;10
9789758770304;10
9789758770519;10
9799752530033;10
9799752530477;10
9799752530590;10
9799752530620;10
9799752530767;10
9799752530934;10
9799752530996;10
9799752531016;10
9799758770143;10
9789752530027;10
9789752531956;10
9789752532427;10
9789752533585;10
9789752533769;10
9789753167352;10
9789752531543;10
9789758770502;10
9789759327007;10
9789759327019;10
9799752530323;10
9786058041813;10
9786058041820;10
9786058041851;10
9786058041875;10
9786058041882;10
4550000000005;10
4550000000007;10
4550000000011;10
9757338125;10
9786053270225;10
9786053270256;10
9786053270546;10
9786053270683;10
9786053270775;10
9786053270973;10
9786053271222;10
9786053271451;10
9786053271666;10
9786053271833;10
9786053272175;10
9786053272298;10
9786053272557;10
9786053273066;10
9786053273127;10
9786053275398;10
9786053275770;10
9786053275817;10
9786053277767;10
9786053279259;10
9786053279709;10
9786054301102;10
9786054301218;10
9786054301331;10
9786054301454;10
9786054301621;10
9786055048051;10
9786055048068;10
9786055048211;10
9786055048235;10
9786055048518;10
9786055187583;10
9786055187729;10
9786055335076;10
9786055335199;10
9786055335243;10
9786055335540;10
9786055335557;10
9786055335595;10
9786055335786;10
9786055335885;10
9786055335977;10
9786055431037;10
9786055431051;10
9786055431099;10
9786055431174;10
9786055431709;10
9786055431785;10
9786056978999;10
9786256263680;10
4550000000008;10
4550000000016;10
4550000000070;10
9757338133;10
9758534033;10
9786053270706;10
9786053270843;10
9786053270898;10
9786053271116;10
9786053271130;10
9786053271390;10
9786053271413;10
9786053271673;10
9786053272083;10
9786053272229;10
9786053272267;10
9786053272564;10
9786053272571;10
9786053272588;10
9786053272595;10
9786053272779;10
9786053272946;10
9786053273073;10
9786053273158;10
9786053273288;10
9786053273394;10
9786053273707;10
9786053273820;10
9786053273837;10
9786053273929;10
9786053274056;10
9786053274384;10
9786053274483;10
9786053274711;10
9786053275251;10
9786053275381;10
9786053275794;10
9786053275855;10
9786053275978;10
9786053276029;10
9786053276104;10
9786053276142;10
9786053276197;10
9786053276203;10
9786053276265;10
9786053276739;10
9786053276746;10
9786053276968;10
9786053277422;10
9786053277606;10
9786053277613;10
9786053277644;10
9786053278177;10
9786053278733;10
9786053279303;10
9786053279723;10
9786054301027;10
9786054301119;10
9786054301799;10
9786054301812;10
9786054301850;10
9786055048006;10
9786055048259;10
9786055048563;10
9786055048686;10
9786055048938;10
9786055187033;10
9786055187163;10
9786055187521;10
9786055187576;10
9786055187903;10
9786055187910;10
9786055335205;10
9786055335564;10
9786055431334;10
9786055431464;10
9786055431501;10
9786055431549;10
9786055431730;10
9786055431778;10
9786055431808;10
9786055431877;10
9786055431884;10
9786055451066;10
9786055451264;10
9786055451288;10
9786055451325;10
9786055451530;10
9786055451585;10
9786055451721;10
9786055451974;10
9786055937836;10
9786056027703;10
9786056030208;10
9786057131607;10
9786058041837;10
9786058998001;10
9786256559776;10
9786256559783;10
9786256559790;10
9786256637559;10
9786256637870;10
9786256637924;10
9786256952997;10
9786257090339;10
9786257090346;10
9786257090353;10
9786257090438;10
9786257090445;10
9786257090704;10
9786257090940;10
9786257210270;10
9786257210447;10
9786257210614;10
9786257565776;10
9786257667234;10
9786257667418;10
9786257667678;10
9786257667692;10
9786257983389;10
9786257983488;10
9786258024067;10
9786258024210;10
9786258024678;10
9786258024760;10
9786258024890;10
9786258235548;10
9786258235623;10
9789752530065;10
9789752530201;10
9789752530232;10
9789752530249;10
9789752530270;10
9789752530317;10
9789752530348;10
9789752530379;10
9789752530393;10
9789752530454;10
9789752530522;10
9789752531161;10
9789752531192;10
9789752531215;10
9789752531277;10
9789752531314;10
9789752531482;10
9789752531505;10
9789752531567;10
9789752531628;10
9789752531802;10
9789752531871;10
9789752531901;10
9789752531925;10
9789752531987;10
9789752531994;10
9789752532007;10
9789752532014;10
9789752532021;10
9789752532045;10
9789752532052;10
9789752532151;10
9789752532212;10
9789752532274;10
9789752532298;10
9789752532342;10
9789752532380;10
9789752532410;10
9789752532434;10
9789752532519;10
9789752532526;10
9789752532601;10
9789752533127;10
9789752533134;10
9789752533578;10
9789752533622;10
9789752533776;10
9789757338215;10
9789757338444;10
9789757338468;10
9789757338680;10
9789757338796;10
9789757338918;10
9789757338925;10
9789757338949;10
9789758768004;10
9789758768035;10
9789758768165;10
9789758768271;10
9789758768431;10
9789758768479;10
9789758768493;10
9789758768509;10
9789758768615;10
9789758768677;10
9789758768684;10
9789758768783;10
9789758768981;10
9789758768998;10
9789758770052;10
9789758770090;10
9789758770182;10
9789758770205;10
9789758770229;10
9789758770236;10
9789758770298;10
9789758874095;10
9789759944087;10
9789789752539;10
9789944141000;10
9789944141185;10
9789944141277;10
9789944141321;10
9789944141475;10
9789944141680;10
9789944141727;10
9789944141772;10
9789944141918;10
9799752530545;10
9799752530606;10
9799752530613;10
9799752530781;10
9799752530811;10
9799752530842;10
9799752530859;10
9799752530866;10
9799752530958;10
9799752531061;10
9799752531078;10
9799752531092;10
9799758770006;10
9799758770167;10
9799758770402;10
9739752531203;10
9789752531291;10
9789752531475;10
9789752531864;10
9789752532618;10
9789752532816;10
9789752532922;10
9789752533356;10
9789752533615;10
9789752533950;10
9789752533981;10
9789752534001;10
9789752534018;10
9789752534025;10
9789752534032;10
9789752534063;10
9789752534087;10
9789752534094;10
9789752534148;10
9789752534209;10
9789752534223;10
9789758702176;10
9789758770021;10
9789758770083;10
9789758770410;10
9789758770434;10
9789758770465;10
9799752530965;10
9799752530972;10
9799752530989;10
9799752531054;10
4550000000075;10
4550000000082;10
9789752531178;10
9789752531420;10
9789752531451;10
9789752531611;10
9789752531895;10
9789752532229;10
9789752532533;10
9789752532885;10
9789752533080;10
9789752533783;10
9789752533806;10
9789752534056;10
9789752534193;10
9789758770458;10
9789758770472;10
9799752530576;10
9789758770267;10
9789759327002;10
9786057131614;10
9786057131621;10
9786057131638;10
9786057131645;10
9786058041806;10
9786058041844;10
9786058041868;10
9786058041899;10
4550000000009;10
4550000000140;10
4550000000141;10
4550000000261;10
975876880264;10
9780956825650;10
9786051257846;10
9786052099759;10
9786053270010;10
9786053270041;10
9786053270058;10
9786053270065;10
9786053270072;10
9786053270096;10
9786053270119;10
9786053270133;10
9786053270140;10
9786053270164;10
9786053270201;10
9786053270218;10
9786053270232;10
9786053270430;10
9786053270577;10
9786053270645;10
9786053270669;10
9786053270713;10
9786053270720;10
9786053270805;10
9786053270829;10
9786053270836;10
9786053270874;10
9786053270881;10
9786053270904;10
9786053270911;10
9786053270966;10
9786053270980;10
9786053271123;10
9786053271161;10
9786053271178;10
9786053271208;10
9786053271239;10
9786053271253;10
9786053271307;10
9786053271338;10
9786053271352;10
9786053271369;10
9786053271383;10
9786053271406;10
9786053271437;10
9786053271444;10
9786053271468;10
9786053271529;10
9786053271536;10
9786053271543;10
9786053271550;10
9786053271567;10
9786053271574;10
9786053271598;10
9786053271604;10
9786053271635;10
9786053271642;10
9786053271659;10
9786053271826;10
9786053271840;10
9786053271888;10
9786053271918;10
9786053271994;10
9786053272007;10
9786053272045;10
9786053272151;10
9786053272199;10
9786053272205;10
9786053272236;10
9786053272243;10
9786053272281;10
9786053272397;10
9786053272403;10
9786053272441;10
9786053272489;10
9786053272601;10
9786053272625;10
9786053272656;10
9786053272663;10
9786053272694;10
9786053272786;10
9786053272861;10
9786053272878;10
9786053272892;10
9786053272908;10
9786053272915;10
9786053272953;10
9786053272960;10
9786053272984;10
9786053272991;10
9786053273011;10
9786053273028;10
9786053273035;10
9786053273080;10
9786053273097;10
9786053273110;10
9786053273134;10
9786053273165;10
9786053273172;10
9786053273189;10
9786053273196;10
9786053273202;10
9786053273233;10
9786053273240;10
9786053273257;10
9786053273271;10
9786053273295;10
9786053273301;10
9786053273400;10
9786053273417;10
9786053273585;10
9786053273615;10
9786053273646;10
9786053273660;10
9786053273677;10
9786053273714;10
9786053273721;10
9786053273776;10
9786053273851;10
9786053273868;10
9786053273875;10
9786053273882;10
9786053273936;10
9786053274032;10
9786053274124;10
9786053274131;10
9786053274148;10
9786053274155;10
9786053274179;10
9786053274193;10
9786053274216;10
9786053274230;10
9786053274254;10
9786053274261;10
9786053274308;10
9786053274315;10
9786053274339;10
9786053274377;10
9786053274407;10
9786053274452;10
9786053274469;10
9786053274476;10
9786053274490;10
9786053274520;10
9786053274568;10
9786053274582;10
9786053274599;10
9786053274605;10
9786053274629;10
9786053274667;10
9786053274674;10
9786053274698;10
9786053274704;10
9786053274728;10
9786053274742;10
9786053274759;10
9786053274773;10
9786053274780;10
9786053274797;10
9786053274803;10
9786053274827;10
9786053274841;10
9786053274858;10
9786053274872;10
9786053274889;10
9786053274896;10
9786053274902;10
9786053274919;10
9786053274957;10
9786053275091;10
9786053275114;10
9786053275176;10
9786053275183;10
9786053275190;10
9786053275275;10
9786053275282;10
9786053275305;10
9786053275336;10
9786053275411;10
9786053275435;10
9786053275466;10
9786053275473;10
9786053275480;10
9786053275534;10
9786053275541;10
9786053275558;10
9786053275572;10
9786053275589;10
9786053275619;10
9786053275626;10
9786053275633;10
9786053275640;10
9786053275657;10
9786053275664;10
9786053275725;10
9786053275732;10
9786053275749;10
9786053275763;10
9786053275787;10
9786053275800;10
9786053275831;10
9786053275848;10
9786053275862;10
9786053275879;10
9786053275886;10
9786053275893;10
9786053275909;10
9786053275923;10
9786053275930;10
9786053275947;10
9786053275954;10
9786053275961;10
9786053275985;10
9786053276050;10
9786053276081;10
9786053276135;10
9786053276159;10
9786053276166;10
9786053276173;10
9786053276180;10
9786053276227;10
9786053276241;10
9786053276258;10
9786053276272;10
9786053276319;10
9786053276333;10
9786053276340;10
9786053276364;10
9786053276371;10
9786053276388;10
9786053276395;10
9786053276401;10
9786053276418;10
9786053276432;10
9786053276449;10
9786053276456;10
9786053276463;10
9786053276470;10
9786053276500;10
9786053276517;10
9786053276524;10
9786053276531;10
9786053276548;10
9786053276555;10
9786053276562;10
9786053276579;10
9786053276586;10
9786053276593;10
9786053276616;10
9786053276623;10
9786053276630;10
9786053276647;10
9786053276654;10
9786053276661;10
9786053276678;10
9786053276685;10
9786053276692;10
9786053276715;10
9786053276722;10
9786053276760;10
9786053276777;10
9786053276791;10
9786053276807;10
9786053276814;10
9786053276821;10
9786053276838;10
9786053276852;10
9786053276876;10
9786053276883;10
9786053276890;10
9786053276906;10
9786053276913;10
9786053276937;10
9786053276975;10
9786053277118;10
9786053277132;10
9786053277200;10
9786053277248;10
9786053277262;10
9786053277309;10
9786053277316;10
9786053277347;10
9786053277354;10
9786053277361;10
9786053277378;10
9786053277385;10
9786053277392;10
9786053277439;10
9786053277446;10
9786053277453;10
9786053277460;10
9786053277484;10
9786053277521;10
9786053277538;10
9786053277545;10
9786053277552;10
9786053277620;10
9786053277637;10
9786053277651;10
9786053277668;10
9786053277675;10
9786053277699;10
9786053277705;10
9786053277743;10
9786053277750;10
9786053277774;10
9786053277781;10
9786053277798;10
9786053277804;10
9786053277811;10
9786053277828;10
9786053277835;10
9786053277842;10
9786053277859;10
9786053277866;10
9786053277873;10
9786053277934;10
9786053277941;10
9786053277958;10
9786053277965;10
9786053277989;10
9786053277996;10
9786053278009;10
9786053278016;10
9786053278023;10
9786053278030;10
9786053278047;10
9786053278054;10
9786053278061;10
9786053278108;10
9786053278238;10
9786053278269;10
9786053278283;10
9786053278306;10
9786053278320;10
9786053278337;10
9786053278351;10
9786053278368;10
9786053278399;10
9786053278412;10
9786053278429;10
9786053278436;10
9786053278443;10
9786053278450;10
9786053278467;10
9786053278474;10
9786053278481;10
9786053278504;10
9786053278528;10
9786053278535;10
9786053278542;10
9786053278559;10
9786053278566;10
9786053278580;10
9786053278597;10
9786053278603;10
9786053278610;10
9786053278627;10
9786053278634;10
9786053278641;10
9786053278658;10
9786053278665;10
9786053278672;10
9786053278689;10
9786053278696;10
9786053278702;10
9786053278719;10
9786053278726;10
9786053278740;10
9786053278757;10
9786053278764;10
9786053278771;10
9786053278788;10
9786053278795;10
9786053278801;10
9786053278818;10
9786053278825;10
9786053278849;10
9786053278856;10
9786053278870;10
9786053278887;10
9786053279051;10
9786053279068;10
9786053279075;10
9786053279082;10
9786053279099;10
9786053279105;10
9786053279112;10
9786053279129;10
9786053279136;10
9786053279143;10
9786053279150;10
9786053279167;10
9786053279211;10
9786053279228;10
9786053279235;10
9786053279242;10
9786053279266;10
9786053279273;10
9786053279280;10
9786053279297;10
9786053279310;10
9786053279365;10
9786053279389;10
9786053279419;10
9786053279433;10
9786053279440;10
9786053279501;10
9786053279518;10
9786053279525;10
9786053279532;10
9786053279549;10
9786053279587;10
9786053279600;10
9786053279617;10
9786053279631;10
9786053279648;10
9786053279655;10
9786053279662;10
9786053279686;10
9786053279693;10
9786053279716;10
9786053279730;10
9786053279747;10
9786053279754;10
9786053279761;10
9786053279778;10
9786053279792;10
9786053279815;10
9786053279822;10
9786053279839;10
9786053279907;10
9786053279914;10
9786053279921;10
9786053279938;10
9786053279945;10
9786053279952;10
9786053279969;10
9786053279976;10
9786053279983;10
9786054301003;10
9786054301065;10
9786054301072;10
9786054301089;10
9786054301096;10
9786054301355;10
9786054301461;10
9786054301577;10
9786054301584;10
9786054301591;10
9786054301720;10
9786054301775;10
9786054301829;10
9786054301843;10
9786054301874;10
9786054301942;10
9786055048143;10
9786055048181;10
9786055048198;10
9786055048303;10
9786055048396;10
9786055048464;10
9786055048488;10
9786055048495;10
9786055048587;10
9786055048631;10
9786055048662;10
9786055048778;10
9786055048792;10
9786055048822;10
9786055048877;10
9786055048945;10
9786055048969;10
9786055187149;10
9786055187187;10
9786055187194;10
9786055187224;10
9786055187231;10
9786055187248;10
9786055187385;10
9786055187408;10
9786055187460;10
9786055187514;10
9786055187545;10
9786055187569;10
9786055187590;10
9786055187606;10
9786055187613;10
9786055187620;10
9786055187644;10
9786055335021;10
9786055335052;10
9786055335083;10
9786055335090;10
9786055335144;10
9786055335236;10
9786055335274;10
9786055335359;10
9786055335380;10
9786055335427;10
9786055335472;10
9786055335496;10
9786055335519;10
9786055335571;10
9786055335588;10
9786055335618;10
9786055335663;10
9786055335731;10
9786055335748;10
9786055335755;10
9786055335779;10
9786055335847;10
9786055335991;10
9786055431020;10
9786055431075;10
9786055431082;10
9786055431181;10
9786055431204;10
9786055431211;10
9786055431280;10
9786055431327;10
9786055431457;10
9786055431488;10
9786055431518;10
9786055431525;10
9786055431532;10
9786055431631;10
9786055431716;10
9786055431792;10
9786055431938;10
9786055431969;10
9786056978906;10
9786056978913;10
9786056978937;10
9786056978944;10
9786056978951;10
9786056978975;10
9786056978982;10
9786255661005;10
9786255661012;10
9786255661036;10
9786255661043;10
9786255661050;10
9786255661067;10
9786255661074;10
9786255661081;10
9786255661098;10
9786255661104;10
9786255661111;10
9786255661128;10
9786255661142;10
9786255661159;10
9786255661166;10
9786255661173;10
9786255661180;10
9786255661197;10
9786255661203;10
9786255661210;10
9786255661227;10
9786255661234;10
9786255661258;10
9786255661265;10
9786255661272;10
9786255661296;10
9786255661302;10
9786255661319;10
9786255661326;10
9786255661333;10
9786255661340;10
9786255661357;10
9786255661364;10
9786255661371;10
9786255661388;10
9786255661395;10
9786255661401;10
9786255661418;10
9786255661425;10
9786255661432;10
9786255661449;10
9786255661456;10
9786255661470;10
9786255661487;10
9786255661494;10
9786255661500;10
9786255661517;10
9786255661524;10
9786255661531;10
9786255661548;10
9786255661555;10
9786255661562;10
9786255661586;10
9786255661609;10
9786255661616;10
9786255661623;10
9786255661630;10
9786255661654;10
9786255661678;10
9786255661685;10
9786255661692;10
9786255661708;10
9786255661715;10
9786255661722;10
9786255661753;10
9786255661760;10
9786255661784;10
9786255661791;10
9786255661807;10
9786255661821;10
9786255661852;10
9786255661869;10
9786255661876;10
9786255661883;10
9786255661890;10
9786255661906;10
9786255661913;10
9786255661920;10
9786255661944;10
9786255661951;10
9786255661968;10
9786255661975;10
9786255661999;10
9786255968005;10
9786255968012;10
9786255968029;10
9786255968036;10
9786255968098;10
9786255968104;10
9786255968111;10
9786255968128;10
9786255968135;10
9786255968166;10
9786255968180;10
9786255968227;10
9786255968234;10
9786255968241;10
9786255968258;10
9786255968272;10
9786255968289;10
9786255968296;10
9786255968326;10
9786255968340;10
9786255968357;10
9786255968364;10
9786255968371;10
9786255968388;10
9786255968395;10
9786255968401;10
9786255968418;10
9786255968425;10
9786255968432;10
9786255968456;10
9786255968463;10
9786255968470;10
9786255968487;10
9786255968517;10
9786255968524;10
9786255968531;10
9786255968548;10
9786255968555;10
9786255968562;10
9786255968579;10
9786255968586;10
9786255968593;10
9786255968609;10
9786255968616;10
9786255968623;10
9786255968647;10
9786255968654;10
9786255968678;10
9786255968685;10
9786255968692;10
9786255968708;10
9786255968715;10
9786255968739;10
9786255968746;10
9786255968753;10
9786255968760;10
9786255968784;10
9786255968791;10
9786255968807;10
9786255968814;10
9786255968821;10
9786255968838;10
9786255968845;10
9786255968852;10
9786255968869;10
9786255968876;10
9786255968883;10
9786255968890;10
9786255968906;10
9786255968913;10
9786255968920;10
9786255968937;10
9786255968944;10
9786255968951;10
9786255968968;10
9786255968975;10
9786255968982;10
9786255968999;10
9786256263000;10
9786256263017;10
9786256263031;10
9786256263048;10
9786256263055;10
9786256263079;10
9786256263086;10
9786256263093;10
9786256263109;10
9786256263116;10
9786256263123;10
9786256263147;10
9786256263154;10
9786256263161;10
9786256263178;10
9786256263185;10
9786256263192;10
9786256263208;10
9786256263215;10
9786256263239;10
9786256263246;10
9786256263260;10
9786256263277;10
9786256263307;10
9786256263376;10
9786256263383;10
9786256263390;10
9786256263406;10
9786256263413;10
9786256263420;10
9786256263482;10
9786256263499;10
9786256263505;10
9786256263512;10
9786256263529;10
9786256263543;10
9786256263550;10
9786256263567;10
9786256263581;10
9786256263598;10
9786256263604;10
9786256263635;10
9786256263659;10
9786256263666;10
9786256263697;10
9786256263727;10
9786256263758;10
9786256263765;10
9786256263789;10
9786256263796;10
9786256263819;10
9786256263826;10
9786256263864;10
9786256263871;10
9786256263888;10
9786256263895;10
9786256263901;10
9786256263918;10
9786256263925;10
9786256263956;10
9786256263963;10
9786256263970;10
9786256263987;10
9786256263994;10
9786256460003;10
9786256460010;10
9786256460027;10
9786256460034;10
9786256460041;10
9786256460058;10
9786256460065;10
9786256460072;10
9786256460089;10
9786256460096;10
9786256460102;10
9786256460126;10
9786256460133;10
9786256460140;10
9786256460157;10
9786256460164;10
9786256460195;10
9786256460201;10
9786256460218;10
9786256460232;10
9786256460249;10
9786256460256;10
9786256460263;10
9786256460270;10
9786256460287;10
9786256460300;10
9786256460324;10
9786256460331;10
9786256460348;10
9786256460379;10
9786256460416;10
9786256460423;10
9786256460430;10
9786256460447;10
9786256460454;10
9786256460461;10
9786256460478;10
9786256460485;10
9786256460492;10
9786256460508;10
9786256460515;10
9786256460522;10
9786256460607;10
9786256460683;10
9786256460706;10
9786256460744;10
9786256460768;10
9786256460775;10
9786256460782;10
9786256460812;10
9786256460829;10
9786256460836;10
9786256460843;10
9786256460850;10
9786256460867;10
9786256460898;10
9786256460904;10
9786256460911;10
9786256460928;10
9786256460935;10
9786256460942;10
9786256460959;10
9786256460966;10
9786256460973;10
9786256460997;10
9786256559004;10
9786256559011;10
9786256559028;10
9786256559035;10
9786256559042;10
9786256559059;10
9786256559073;10
9786256559080;10
9786256559097;10
9786256559103;10
9786256559110;10
9786256559141;10
9786256559158;10
9786256559165;10
9786256559172;10
9786256559196;10
9786256559202;10
9786256559226;10
9786256559233;10
9786256559264;10
9786256559295;10
9786256559301;10
9786256559318;10
9786256559325;10
9786256559349;10
9786256559356;10
9786256559363;10
9786256559370;10
9786256559387;10
9786256559400;10
9786256559417;10
9786256559424;10
9786256559431;10
9786256559448;10
9786256559462;10
9786256559479;10
9786256559493;10
9786256559509;10
9786256559516;10
9786256559523;10
9786256559547;10
9786256559578;10
9786256559585;10
9786256559592;10
9786256559608;10
9786256559653;10
9786256559660;10
9786256559684;10
9786256559691;10
19786053272571;10
4550000000060;10
4550000000068;10
9786052099117;10
9786052099162;10
9786052099223;10
9786052099230;10
9786052099247;10
9786052099285;10
9786052099384;10
9786052099391;10
9786052099407;10
9786052099438;10
9786052099612;10
9786052099629;10
9786052099667;10
9786052099728;10
9786052099742;10
9786052099797;10
9786052099872;10
9786052099889;10
9786052099933;10
9786053270034;10
9786053270102;10
9786053270171;10
9786053270195;10
9786053270249;10
9786053270409;10
9786053270454;10
9786053270508;10
9786053270591;10
9786053270621;10
9786053270638;10
9786053270652;10
9786053270676;10
9786053270768;10
9786053270782;10
9786053270928;10
9786053270997;10
9786053271000;10
9786053271109;10
9786053271185;10
9786053271277;10
9786053271284;10
9786053271321;10
9786053271345;10
9786053271376;10
9786053271475;10
9786053271499;10
9786053271581;10
9786053271789;10
9786053271819;10
9786053271857;10
9786053271864;10
9786053271871;10
9786053271963;10
9786053271987;10
9786053272038;10
9786053272076;10
9786053272106;10
9786053272113;10
9786053272120;10
9786053272144;10
9786053272274;10
9786053272335;10
9786053272359;10
9786053272380;10
9786053272410;10
9786053272427;10
9786053272502;10
9786053272519;10
9786053272526;10
9786053272540;10
9786053272649;10
9786053272670;10
9786053272687;10
9786053272731;10
9786053272755;10
9786053272762;10
9786053272793;10
9786053272809;10
9786053272885;10
9786053272922;10
9786053272977;10
9786053273042;10
9786053273059;10
9786053273103;10
9786053273141;10
9786053273264;10
9786053273349;10
9786053273356;10
9786053273370;10
9786053273424;10
9786053273455;10
9786053273479;10
9786053273493;10
9786053273561;10
9786053273578;10
9786053273608;10
9786053273738;10
9786053273745;10
9786053273752;10
9786053273769;10
9786053273790;10
9786053273806;10
9786053273813;10
9786053273844;10
9786053273905;10
9786053273912;10
9786053273943;10
9786053273981;10
9786053274001;10
9786053274018;10
9786053274049;10
9786053274063;10
9786053274070;10
9786053274117;10
9786053274162;10
9786053274247;10
9786053274278;10
9786053274285;10
9786053274292;10
9786053274322;10
9786053274346;10
9786053274353;10
9786053274421;10
9786053274445;10
9786053274506;10
9786053274513;10
9786053274537;10
9786053274544;10
9786053274551;10
9786053274575;10
9786053274612;10
9786053274636;10
9786053274643;10
9786053274650;10
9786053274681;10
9786053274766;10
9786053274865;10
9786053274926;10
9786053274940;10
9786053274988;10
9786053274995;10
9786053275008;10
9786053275015;10
9786053275060;10
9786053275084;10
9786053275107;10
9786053275121;10
9786053275138;10
9786053275169;10
9786053275213;10
9786053275220;10
9786053275237;10
9786053275244;10
9786053275268;10
9786053275299;10
9786053275312;10
9786053275329;10
9786053275343;10
9786053275350;10
9786053275367;10
9786053275374;10
9786053275428;10
9786053275459;10
9786053275497;10
9786053275503;10
9786053275510;10
9786053275527;10
9786053275596;10
9786053275602;10
9786053275671;10
9786053275756;10
9786053275824;10
9786053275992;10
9786053276005;10
9786053276012;10
9786053276036;10
9786053276043;10
9786053276067;10
9786053276074;10
9786053276098;10
9786053276111;10
9786053276128;10
9786053276234;10
9786053276289;10
9786053276296;10
9786053276326;10
9786053276357;10
9786053276425;10
9786053276708;10
9786053276845;10
9786053276869;10
9786053276920;10
9786053276944;10
9786053276951;10
9786053276982;10
9786053276999;10
9786053277002;10
9786053277019;10
9786053277026;10
9786053277040;10
9786053277057;10
9786053277064;10
9786053277071;10
9786053277088;10
9786053277095;10
9786053277101;10
9786053277125;10
9786053277149;10
9786053277156;10
9786053277163;10
9786053277170;10
9786053277187;10
9786053277194;10
9786053277217;10
9786053277224;10
9786053277231;10
9786053277255;10
9786053277279;10
9786053277286;10
9786053277323;10
9786053277330;10
9786053277415;10
9786053277477;10
9786053277491;10
9786053277507;10
9786053277569;10
9786053277576;10
9786053277590;10
9786053277712;10
9786053278078;10
9786053278085;10
9786053278092;10
9786053278115;10
9786053278122;10
9786053278153;10
9786053278160;10
9786053278184;10
9786053278191;10
9786053278207;10
9786053278214;10
9786053278221;10
9786053278252;10
9786053278276;10
9786053278290;10
9786053278313;10
9786053278344;10
9786053278375;10
9786053278382;10
9786053278405;10
9786053278498;10
9786053278511;10
9786053278894;10
9786053278917;10
9786053278924;10
9786053278931;10
9786053278948;10
9786053278955;10
9786053278962;10
9786053278979;10
9786053278986;10
9786053278993;10
9786053279006;10
9786053279013;10
9786053279020;10
9786053279037;10
9786053279044;10
9786053279334;10
9786053279341;10
9786053279358;10
9786053279372;10
9786053279396;10
9786053279402;10
9786053279426;10
9786053279457;10
9786053279464;10
9786053279471;10
9786053279495;10
9786053279556;10
9786053279563;10
9786053279570;10
9786053279594;10
9786053279624;10
9786053279679;10
9786053279785;10
9786053279808;10
9786053279990;10
9786054301225;10
9786054301294;10
9786054301324;10
9786054301348;10
9786054301362;10
9786054301386;10
9786054301393;10
9786054301485;10
9786054301492;10
9786054301560;10
9786054301614;10
9786054301768;10
9786054301782;10
9786055048105;10
9786055048136;10
9786055048150;10
9786055048167;10
9786055048174;10
9786055048228;10
9786055048372;10
9786055048457;10
9786055048532;10
9786055048549;10
9786055048600;10
9786055048624;10
9786055048648;10
9786055048709;10
9786055048921;10
9786055133016;10
9786055133023;10
9786055133030;10
9786055133054;10
9786055187002;10
9786055187057;10
9786055187118;10
9786055187170;10
9786055187392;10
9786055187415;10
9786055187446;10
9786055187484;10
9786055187682;10
9786055187835;10
9786055187866;10
9786055187989;10
9786055187996;10
9786055335045;10
9786055335168;10
9786055335212;10
9786055335281;10
9786055335465;10
9786055335700;10
9786055335809;10
9786055335854;10
9786055335946;10
9786055335960;10
9786055431112;10
9786055431563;10
9786055431570;10
9786055431587;10
9786055431600;10
9786055431655;10
9786055431747;10
9786055431891;10
9786055431921;10
9786055431952;10
9786055431983;10
9786055451028;10
9786055451042;10
9786055451134;10
9786055451226;10
9786055451233;10
9786055451257;10
9786055451349;10
9786055451400;10
9786055451486;10
9786055451493;10
9786055451547;10
9786055451554;10
9786055451615;10
9786055451646;10
9786055451684;10
9786055451707;10
9786055451752;10
9786055451769;10
9786055451790;10
9786055451806;10
9786055451844;10
9786055451912;10
9786055451936;10
9786055451943;10
9786055937140;10
9786055937386;10
9786055937492;10
9786056766602;10
9786056766695;10
9786056978920;10
9786058396678;10
9786255968449;10
9786255968494;10
9786255968500;10
9786255968722;10
9786256263024;10
9786256263062;10
9786256263222;10
9786256263253;10
9786256263369;10
9786256263536;10
9786256263642;10
9786256263703;10
9786256460171;10
9786256460355;10
9786256460362;10
9786256460386;10
9786256460614;10
9786256460621;10
9786256460638;10
9786256460645;10
9786256460652;10
9786256460669;10
9786256460676;10
9786256460690;10
9786256460713;10
9786256460720;10
9786256460805;10
9786256559219;10
9786256559240;10
9786256559455;10
9786256559486;10
9786256559530;10
9786256559639;10
9786256559721;10
9786256559745;10
9786256559752;10
9786256559769;10
9786256559806;10
9786256559820;10
9786256559837;10
9786256559844;10
9786256559851;10
9786256559875;10
9786256559899;10
9786256559905;10
9786256559912;10
9786256559929;10
9786256559936;10
9786256559950;10
9786256559967;10
9786256559974;10
9786256559981;10
9786256559998;10
9786256637061;10
9786256637078;10
9786256637085;10
9786256637108;10
9786256637115;10
9786256637122;10
9786256637146;10
9786256637160;10
9786256637177;10
9786256637184;10
9786256637214;10
9786256637221;10
9786256637245;10
9786256637252;10
9786256637306;10
9786256637313;10
9786256637344;10
9786256637351;10
9786256637375;10
9786256637399;10
9786256637405;10
9786256637412;10
9786256637429;10
9786256637436;10
9786256637443;10
9786256637450;10
9786256637467;10
9786256637474;10
9786256637481;10
9786256637498;10
9786256637504;10
9786256637511;10
9786256637528;10
9786256637535;10
9786256637542;10
9786256637566;10
9786256637573;10
9786256637580;10
9786256637597;10
9786256637603;10
9786256637610;10
9786256637627;10
9786256637634;10
9786256637641;10
9786256637658;10
9786256637665;10
9786256637672;10
9786256637696;10
9786256637702;10
9786256637719;10
9786256637733;10
9786256637740;10
9786256637757;10
9786256637764;10
9786256637788;10
9786256637795;10
9786256637801;10
9786256637818;10
9786256637825;10
9786256637832;10
9786256637849;10
9786256637856;10
9786256637863;10
9786256637887;10
9786256637894;10
9786256637900;10
9786256637917;10
9786256637948;10
9786256637955;10
9786256637962;10
9786256637979;10
9786256637986;10
9786256637993;10
9786256952003;10
9786256952010;10
9786256952041;10
9786256952089;10
9786256952102;10
9786256952119;10
9786256952126;10
9786256952133;10
9786256952140;10
9786256952157;10
9786256952188;10
9786256952201;10
9786256952218;10
9786256952225;10
9786256952232;10
9786256952249;10
9786256952256;10
9786256952263;10
9786256952270;10
9786256952287;10
9786256952294;10
9786256952300;10
9786256952317;10
9786256952324;10
9786256952331;10
9786256952348;10
9786256952355;10
9786256952362;10
9786256952379;10
9786256952386;10
9786256952393;10
9786256952409;10
9786256952416;10
9786256952423;10
9786256952430;10
9786256952447;10
9786256952454;10
9786256952461;10
9786256952478;10
9786256952492;10
9786256952508;10
9786256952515;10
9786256952522;10
9786256952546;10
9786256952553;10
9786256952577;10
9786256952584;10
9786256952591;10
9786256952607;10
9786256952614;10
9786256952621;10
9786256952638;10
9786256952645;10
9786256952652;10
9786256952669;10
9786256952676;10
9786256952690;10
9786256952713;10
9786256952782;10
9786256952799;10
9786256952812;10
9786256952829;10
9786256952836;10
9786256952843;10
9786256952850;10
9786256952867;10
9786256952874;10
9786256952881;10
9786256952898;10
9786256952904;10
9786256952911;10
9786256952928;10
9786256952942;10
9786256952959;10
9786256952966;10
9786256952973;10
9786257090001;10
9786257090018;10
9786257090025;10
9786257090032;10
9786257090063;10
9786257090070;10
9786257090087;10
9786257090094;10
9786257090100;10
9786257090117;10
9786257090124;10
9786257090131;10
9786257090148;10
9786257090155;10
9786257090162;10
9786257090179;10
9786257090186;10
9786257090193;10
9786257090209;10
9786257090216;10
9786257090223;10
9786257090230;10
9786257090247;10
9786257090254;10
9786257090261;10
9786257090278;10
9786257090285;10
9786257090292;10
9786257090308;10
9786257090315;10
9786257090322;10
9786257090360;10
9786257090377;10
9786257090384;10
9786257090391;10
9786257090407;10
9786257090414;10
9786257090421;10
9786257090452;10
9786257090469;10
9786257090483;10
9786257090490;10
9786257090506;10
9786257090513;10
9786257090520;10
9786257090537;10
9786257090544;10
9786257090551;10
9786257090568;10
9786257090575;10
9786257090582;10
9786257090599;10
9786257090605;10
9786257090612;10
9786257090629;10
9786257090636;10
9786257090643;10
9786257090650;10
9786257090667;10
9786257090674;10
9786257090681;10
9786257090698;10
9786257090711;10
9786257090728;10
9786257090735;10
9786257090742;10
9786257090759;10
9786257090766;10
9786257090773;10
9786257090780;10
9786257090797;10
9786257090803;10
9786257090810;10
9786257090827;10
9786257090834;10
9786257090841;10
9786257090858;10
9786257090865;10
9786257090872;10
9786257090889;10
9786257090896;10
9786257090902;10
9786257090919;10
9786257090926;10
9786257090933;10
9786257090957;10
9786257090964;10
9786257090971;10
9786257090995;10
9786257210003;10
9786257210010;10
9786257210027;10
9786257210034;10
9786257210041;10
9786257210058;10
9786257210065;10
9786257210072;10
9786257210089;10
9786257210096;10
9786257210102;10
9786257210119;10
9786257210126;10
9786257210133;10
9786257210140;10
9786257210157;10
9786257210164;10
9786257210171;10
9786257210188;10
9786257210195;10
9786257210201;10
9786257210218;10
9786257210225;10
9786257210232;10
9786257210249;10
9786257210256;10
9786257210263;10
9786257210287;10
9786257210294;10
9786257210300;10
9786257210317;10
9786257210324;10
9786257210331;10
9786257210355;10
9786257210362;10
9786257210379;10
9786257210386;10
9786257210393;10
9786257210409;10
9786257210416;10
9786257210423;10
9786257210430;10
9786257210454;10
9786257210461;10
9786257210478;10
9786257210485;10
9786257210492;10
9786257210508;10
9786257210539;10
9786257210546;10
9786257210553;10
9786257210560;10
9786257210577;10
9786257210584;10
9786257210591;10
9786257210621;10
9786257210638;10
9786257210645;10
9786257210652;10
9786257210669;10
9786257210676;10
9786257210683;10
9786257210690;10
9786257210706;10
9786257210713;10
9786257210720;10
9786257210737;10
9786257210744;10
9786257210751;10
9786257210768;10
9786257210775;10
9786257210782;10
9786257210799;10
9786257210805;10
9786257210812;10
9786257210829;10
9786257210836;10
9786257210843;10
9786257210850;10
9786257210867;10
9786257210874;10
9786257210881;10
9786257210898;10
9786257210904;10
9786257210911;10
9786257210928;10
9786257210942;10
9786257210959;10
9786257210973;10
9786257210980;10
9786257210997;10
9786257565004;10
9786257565011;10
9786257565028;10
9786257565035;10
9786257565042;10
9786257565059;10
9786257565066;10
9786257565073;10
9786257565080;10
9786257565097;10
9786257565103;10
9786257565127;10
9786257565134;10
9786257565141;10
9786257565158;10
9786257565165;10
9786257565172;10
9786257565189;10
9786257565196;10
9786257565202;10
9786257565219;10
9786257565226;10
9786257565233;10
9786257565240;10
9786257565264;10
9786257565271;10
9786257565288;10
9786257565295;10
9786257565318;10
9786257565325;10
9786257565332;10
9786257565349;10
9786257565363;10
9786257565370;10
9786257565387;10
9786257565394;10
9786257565400;10
9786257565417;10
9786257565424;10
9786257565431;10
9786257565448;10
9786257565455;10
9786257565462;10
9786257565479;10
9786257565486;10
9786257565493;10
9786257565509;10
9786257565516;10
9786257565523;10
9786257565530;10
9786257565547;10
9786257565554;10
9786257565561;10
9786257565578;10
9786257565585;10
9786257565592;10
9786257565615;10
9786257565622;10
9786257565639;10
9786257565646;10
9786257565653;10
9786257565660;10
9786257565677;10
9786257565684;10
9786257565691;10
9786257565707;10
9786257565714;10
9786257565721;10
9786257565738;10
9786257565745;10
9786257565752;10
9786257565769;10
9786257565783;10
9786257565790;10
9786257565806;10
9786257565813;10
9786257565820;10
9786257565837;10
9786257565844;10
9786257565851;10
9786257565875;10
9786257565882;10
9786257565899;10
9786257565905;10
9786257565912;10
9786257565929;10
9786257565936;10
9786257565943;10
9786257565950;10
9786257565967;10
9786257565974;10
9786257565981;10
9786257565998;10
9786257667005;10
9786257667012;10
9786257667029;10
9786257667036;10
9786257667043;10
9786257667050;10
9786257667067;10
9786257667074;10
9786257667081;10
9786257667098;10
9786257667104;10
9786257667111;10
9786257667128;10
9786257667135;10
9786257667142;10
9786257667159;10
9786257667166;10
9786257667173;10
9786257667180;10
9786257667197;10
9786257667203;10
9786257667210;10
9786257667227;10
9786257667241;10
9786257667258;10
9786257667265;10
9786257667272;10
9786257667289;10
9786257667296;10
9786257667302;10
9786257667319;10
9786257667326;10
9786257667333;10
9786257667340;10
9786257667357;10
9786257667364;10
9786257667371;10
9786257667388;10
9786257667395;10
9786257667401;10
9786257667425;10
9786257667432;10
9786257667449;10
9786257667456;10
9786257667463;10
9786257667470;10
9786257667487;10
9786257667494;10
9786257667500;10
9786257667517;10
9786257667524;10
9786257667548;10
9786257667555;10
9786257667562;10
9786257667579;10
9786257667586;10
9786257667593;10
9786257667609;10
9786257667616;10
9786257667623;10
9786257667630;10
9786257667647;10
9786257667654;10
9786257667661;10
9786257667685;10
9786257667708;10
9786257667715;10
9786257667722;10
9786257667746;10
9786257667753;10
9786257667760;10
9786257667777;10
9786257667784;10
9786257667807;10
9786257667814;10
9786257667821;10
9786257667838;10
9786257667852;10
9786257667869;10
9786257667876;10
9786257667883;10
9786257667890;10
9786257667906;10
9786257667913;10
9786257667920;10
9786257667937;10
9786257667944;10
9786257667951;10
9786257667968;10
9786257667975;10
9786257667982;10
9786257667999;10
9786257983006;10
9786257983013;10
9786257983020;10
9786257983037;10
9786257983044;10
9786257983051;10
9786257983068;10
9786257983075;10
9786257983082;10
9786257983099;10
9786257983105;10
9786257983112;10
9786257983129;10
9786257983143;10
9786257983150;10
9786257983167;10
9786257983174;10
9786257983181;10
9786257983198;10
9786257983204;10
9786257983211;10
9786257983228;10
9786257983235;10
9786257983242;10
9786257983259;10
9786257983266;10
9786257983273;10
9786257983280;10
9786257983297;10
9786257983303;10
9786257983310;10
9786257983327;10
9786257983334;10
9786257983341;10
9786257983358;10
9786257983365;10
9786257983372;10
9786257983396;10
9786257983402;10
9786257983419;10
9786257983426;10
9786257983433;10
9786257983440;10
9786257983457;10
9786257983464;10
9786257983471;10
9786257983495;10
9786257983518;10
9786257983525;10
9786257983532;10
9786257983549;10
9786257983556;10
9786257983563;10
9786257983570;10
9786257983587;10
9786257983594;10
9786257983600;10
9786257983617;10
9786257983624;10
9786257983631;10
9786257983648;10
9786257983655;10
9786257983662;10
9786257983679;10
9786257983686;10
9786257983693;10
9786257983709;10
9786257983716;10
9786257983723;10
9786257983730;10
9786257983747;10
9786257983754;10
9786257983761;10
9786257983778;10
9786257983785;10
9786257983792;10
9786257983808;10
9786257983815;10
9786257983822;10
9786257983839;10
9786257983846;10
9786257983853;10
9786257983860;10
9786257983877;10
9786257983884;10
9786257983969;10
9786257983976;10
9786257983983;10
9786257983990;10
9786258024005;10
9786258024012;10
9786258024029;10
9786258024036;10
9786258024043;10
9786258024050;10
9786258024074;10
9786258024081;10
9786258024098;10
9786258024104;10
9786258024128;10
9786258024135;10
9786258024142;10
9786258024159;10
9786258024166;10
9786258024173;10
9786258024180;10
9786258024197;10
9786258024203;10
9786258024234;10
9786258024241;10
9786258024258;10
9786258024265;10
9786258024272;10
9786258024289;10
9786258024296;10
9786258024302;10
9786258024319;10
9786258024333;10
9786258024340;10
9786258024357;10
9786258024364;10
9786258024371;10
9786258024388;10
9786258024395;10
9786258024401;10
9786258024432;10
9786258024456;10
9786258024463;10
9786258024470;10
9786258024494;10
9786258024500;10
9786258024531;10
9786258024562;10
9786258024579;10
9786258024593;10
9786258024616;10
9786258024623;10
9786258024630;10
9786258024647;10
9786258024654;10
9786258024661;10
9786258024685;10
9786258024692;10
9786258024708;10
9786258024715;10
9786258024722;10
9786258024739;10
9786258024746;10
9786258024753;10
9786258024777;10
9786258024784;10
9786258024791;10
9786258024814;10
9786258024821;10
9786258024838;10
9786258024845;10
9786258024852;10
9786258024869;10
9786258024876;10
9786258024883;10
9786258024906;10
9786258024913;10
9786258024937;10
9786258024944;10
9786258024951;10
9786258024968;10
9786258024975;10
9786258024982;10
9786258117004;10
9786258117011;10
9786258117035;10
9786258117042;10
9786258117059;10
9786258117066;10
9786258117073;10
9786258117080;10
9786258117097;10
9786258117103;10
9786258117110;10
9786258117134;10
9786258117141;10
9786258117158;10
9786258117165;10
9786258117172;10
9786258117189;10
9786258117196;10
9786258117202;10
9786258117219;10
9786258117240;10
9786258117257;10
9786258117271;10
9786258117301;10
9786258117318;10
9786258117325;10
9786258117332;10
9786258117349;10
9786258117356;10
9786258117363;10
9786258117431;10
9786258117448;10
9786258117455;10
9786258117462;10
9786258117479;10
9786258117486;10
9786258117493;10
9786258117509;10
9786258117516;10
9786258117523;10
9786258117530;10
9786258117547;10
9786258117554;10
9786258117561;10
9786258117578;10
9786258117585;10
9786258117592;10
9786258117608;10
9786258117615;10
9786258117622;10
9786258117639;10
9786258117646;10
9786258117653;10
9786258117660;10
9786258117691;10
9786258117707;10
9786258117714;10
9786258117721;10
9786258117738;10
9786258117745;10
9786258117752;10
9786258117769;10
9786258117776;10
9786258117783;10
9786258117813;10
9786258117820;10
9786258117837;10
9786258117844;10
9786258117851;10
9786258117875;10
9786258117882;10
9786258117899;10
9786258117905;10
9786258117943;10
9786258117950;10
9786258117967;10
9786258117981;10
9786258117998;10
9786258235005;10
9786258235012;10
9786258235029;10
9786258235036;10
9786258235050;10
9786258235067;10
9786258235074;10
9786258235081;10
9786258235098;10
9786258235104;10
9786258235111;10
9786258235128;10
9786258235135;10
9786258235142;10
9786258235159;10
9786258235173;10
9786258235197;10
9786258235203;10
9786258235234;10
9786258235241;10
9786258235319;10
9786258235326;10
9786258235333;10
9786258235340;10
9786258235357;10
9786258235364;10
9786258235371;10
9786258235388;10
9786258235395;10
9786258235418;10
9786258235425;10
9786258235456;10
9786258235463;10
9786258235470;10
9786258235494;10
9786258235500;10
9786258235517;10
9786258235524;10
9786258235555;10
9786258235579;10
9786258235593;10
9786258235609;10
9786258235616;10
9786258235630;10
9786258235654;10
9786258235692;10
9786258235708;10
9786258235715;10
9786258235760;10
9786258235777;10
9786258235807;10
9786258235852;10
9786258235944;10
9786258235951;10
9786258235968;10
9786258544015;10
9786258544022;10
9786258544039;10
9786258544046;10
9786258544060;10
9786258544077;10
9786258544084;10
9786258544091;10
9786258544107;10
9786258544114;10
9786258544121;10
9786258544138;10
9786258544152;10
9786258544176;10
9786258544183;10
9786258544190;10
9786258544206;10
9786258544251;10
9786258544268;10
9786258544275;10
9786258544282;10
9786258544299;10
9786258544305;10
9786258544329;10
9786258544336;10
9786258544367;10
9786258544374;10
9786258544381;10
9786258544404;10
9786258544411;10
9786258544428;10
9786258544435;10
9786258544466;10
9786258544473;10
9786258544480;10
9786258544497;10
9786258544541;10
9786258544558;10
9786258544565;10
9786258544589;10
9786258544602;10
9786258544619;10
9786258544626;10
9786258544633;10
9786258544640;10
9786258544657;10
9786258544664;10
9786258544671;10
9786258544688;10
9786258544695;10
9786258544701;10
9786258544725;10
9786258544732;10
9786258544749;10
9786258544756;10
9786258544763;10
9786258544770;10
9786258544787;10
9786258544794;10
9786258544800;10
9786258544817;10
9786258544824;10
9786258544831;10
9786258544848;10
9786258544862;10
9786258544879;10
9786258544886;10
9786258544893;10
9786258544916;10
9786258544923;10
9786258544930;10
9786258544947;10
9786258544954;10
9786258544961;10
9786258544978;10
9786258544985;10
9786258757002;10
9786258757019;10
9786258757026;10
9786258757040;10
9786258757057;10
9786258757064;10
9786259361703;10
9786259361710;10
9786259361727;10
9786259361734;10
9786259361741;10
9786259361772;10
9786259361796;10
9789753338134;10
9789756955086;10
9789757338024;10
9789757338116;10
9789757338222;10
9789757338390;10
9789757338475;10
9789757338499;10
9789757338543;10
9789757338574;10
9789757338635;10
9789757338666;10
9789757338673;10
9789757338697;10
9789757338703;10
9789757338772;10
9789757338819;10
9789757338963;10
9789758768042;10
9789758768073;10
9789758768097;10
9789758768158;10
9789758768172;10
9789758768202;10
9789758768219;10
9789758768233;10
9789758768240;10
9789758768295;10
9789758768370;10
9789758768387;10
9789758768448;10
9789758768455;10
9789758768486;10
9789758768516;10
9789758768530;10
9789758768561;10
9789758768646;10
9789758768660;10
9789758768714;10
9789758768738;10
9789758768745;10
9789758768769;10
9789758768790;10
9789758768813;10
9789758768820;10
9789758768868;10
9789758768882;10
9789758768929;10
9789758768967;10
9789944141017;10
9789944141086;10
9789944141109;10
9789944141123;10
9789944141208;10
9789944141215;10
9789944141222;10
9789944141253;10
9789944141260;10
9789944141291;10
9789944141307;10
9789944141314;10
9789944141338;10
9789944141345;10
9789944141352;10
9789944141390;10
9789944141406;10
9789944141413;10
9789944141444;10
9789944141451;10
9789944141468;10
9789944141482;10
9789944141499;10
9789944141505;10
9789944141512;10
9789944141529;10
9789944141550;10
9789944141567;10
9789944141581;10
9789944141635;10
9789944141659;10
9789944141666;10
9789944141697;10
9789944141710;10
9789944141734;10
9789944141741;10
9789944141826;10
9789944141864;10
9789944141871;10
9789944141895;10
9789944141932;10
9789944141949;10
9789944141970;10
9789754346510;10
9789754345346;10
9789754345117;10
9789754346916;10
9789754346282;10
9789754346404;10
9789754344455;10
9789754346589;10
9789754346046;10
9789754346978;10
9789754345452;10
9789754347142;10
9789754346626;10
9789754346855;10
9789754345414;10
9789754346312;10
9789754346381;10
9789754346374;10
9789754345377;10
9789754346992;10
9789754345537;10
9789754347135;10
9789754347159;10
9789754344288;10
9789754347005;10
9789754346930;10
